skill,name,entries,wins_before,wins_after,win_rate_before,win_rate_after,top5_rate_before,top5_rate_after,mean_survival_seconds_before,mean_survival_seconds_after
critical,クリティカル,239,0,0,0.0,0.0,0.06276150627615062,0.03765690376569038,26.371478382148105,24.541352859135532
vampire,吸収,238,0,0,0.0,0.0,0.21008403361344538,0.14285714285714285,32.4171568627451,28.64166666666674
dodge,回避,278,0,0,0.0,0.0,0.07194244604316546,0.10431654676258993,27.529616306954647,26.539748201439046
regeneration,リジェネ,263,4,2,0.015209125475285171,0.0076045627376425855,0.2623574144486692,0.19771863117870722,34.21546261089959,30.952027883396717
scaling_atk,だんだん攻撃力UP,244,0,24,0.0,0.09836065573770492,0.036885245901639344,0.29918032786885246,25.15662568306038,28.59023224043719
scaling_spd,だんだん速度UP,253,29,31,0.11462450592885376,0.1225296442687747,0.7193675889328063,0.6521739130434783,45.98847167325352,43.541831357048274
ranged_shot,遠隔射撃,254,4,3,0.015748031496062992,0.011811023622047244,0.0984251968503937,0.11811023622047244,27.387860892388524,27.123490813648473
explosion,爆発,266,0,0,0.0,0.0,0.041353383458646614,0.041353383458646614,23.852192982456323,22.00776942355906
slow_zone,遅化ゾーン作成,236,0,0,0.0,0.0,0.2033898305084746,0.19915254237288135,33.94590395480224,32.44314971751424
poison_zone,毒ゾーン作成,249,5,7,0.020080321285140562,0.028112449799196786,0.1927710843373494,0.24497991967871485,32.40207496653278,31.565662650602473
teleport,テレポート,243,4,10,0.01646090534979424,0.0411522633744856,0.49794238683127573,0.40329218106995884,36.898696844992564,35.22043895747555
invincible_chance,一定確率無敵,239,3,3,0.012552301255230125,0.012552301255230125,0.20920502092050208,0.23430962343096234,33.22740585774052,32.28765690376568
shield,バリア,252,0,1,0.0,0.003968253968253968,0.09523809523809523,0.15079365079365079,30.75423280423291,30.73961640211655
random_lightning,ランダム雷,252,0,0,0.0,0.0,0.06746031746031746,0.05952380952380952,26.520370370370493,25.548611111111356
flamethrower,火炎放射,236,0,0,0.0,0.0,0.1059322033898305,0.07203389830508475,28.48079096045212,24.974223163842005
giant,巨大化,241,11,11,0.04564315352697095,0.04564315352697095,0.47717842323651455,0.46473029045643155,38.627316735822454,36.88526970954327
destiny_bond,道連れ,251,0,0,0.0,0.0,0.02390438247011952,0.02390438247011952,24.25537848605604,23.149468791500933
clone,分身,242,0,3,0.0,0.012396694214876033,0.0371900826446281,0.09917355371900827,24.946005509642134,26.3020661157026
rainbow_beam,虹ビーム,217,0,0,0.0,0.0,0.04608294930875576,0.059907834101382486,25.212365591398036,23.17327188940112
flying,飛行,218,12,9,0.05504587155963303,0.04128440366972477,0.47706422018348627,0.41743119266055045,37.295259938837354,35.495718654433894
super_knockback,超ノックバック,255,1,0,0.00392156862745098,0.0,0.07450980392156863,0.058823529411764705,30.276928104575372,28.63235294117672
self_heal,自己回復,261,0,2,0.0,0.007662835249042145,0.15708812260536398,0.13409961685823754,31.875415070242628,29.243039591315526
instant_kill,超低確率即死,229,0,0,0.0,0.0,0.03056768558951965,0.008733624454148471,24.823362445415075,22.421688500728003
berserk,超加速超耐久,251,1,0,0.00398406374501992,0.0,0.0796812749003984,0.09163346613545817,29.70066401062435,28.12124833997368
sonic_wave,音波攻撃,243,22,24,0.09053497942386832,0.09876543209876543,0.4074074074074074,0.3497942386831276,34.21042524005461,32.517146776405895
slash,斬撃,244,0,0,0.0,0.0,0.06557377049180328,0.07377049180327869,26.760587431694148,24.651434426229667
tornado,竜巻発生,248,30,22,0.12096774193548387,0.08870967741935484,0.6451612903225806,0.5483870967741935,40.52204301075191,36.78521505376288
summon_pet,動物召喚,239,0,0,0.0,0.0,0.03765690376569038,0.029288702928870293,23.74762900976311,21.078312412831373
freeze_aura,フリーズ,249,3,1,0.012048192771084338,0.004016064257028112,0.1566265060240964,0.12449799196787148,30.26352074966524,28.06840696117811
pitfall,落とし穴作成,232,15,17,0.06465517241379311,0.07327586206896551,0.4827586206896552,0.47413793103448276,39.009626436781076,37.040876436781154
magnet_repel,磁力弾き,247,3,3,0.012145748987854251,0.012145748987854251,0.3765182186234818,0.32388663967611336,36.03981106612667,33.95479082321181
triumph,倒すと強化,243,1,1,0.00411522633744856,0.00411522633744856,0.0411522633744856,0.06172839506172839,23.912414266118144,22.534087791495367
time_stop,時間停止,243,70,71,0.2880658436213992,0.29218106995884774,0.588477366255144,0.5843621399176955,37.097668038408344,35.834430727022976
nullify,能力無効,237,0,2,0.0,0.008438818565400843,0.28270042194092826,0.29535864978902954,33.71898734177199,32.84043600562574
defense_x2,防御力2倍,244,5,4,0.020491803278688523,0.01639344262295082,0.42213114754098363,0.4385245901639344,38.36837431693946,37.10464480874283
underground,地中移動,248,24,21,0.0967741935483871,0.0846774193548387,0.532258064516129,0.6048387096774194,41.82204301075192,41.90443548387016
extra_life,残機×2,245,1,2,0.004081632653061225,0.00816326530612245,0.23265306122448978,0.24081632653061225,33.924421768707475,32.886666666666756
gatling,ガトリングガン,257,14,15,0.054474708171206226,0.058365758754863814,0.377431906614786,0.36964980544747084,34.661413748378365,32.88813229571953
water_push,水流押し流し,229,0,0,0.0,0.0,0.021834061135371178,0.1703056768558952,25.182241630276803,29.495414847161637
bomb_throw,爆弾投げ,266,5,3,0.018796992481203006,0.011278195488721804,0.16165413533834586,0.14661654135338345,27.255576441102786,25.777882205513833
acid_spray,酸噴射,249,0,16,0.0,0.0642570281124498,0.020080321285140562,0.27309236947791166,24.930789825970777,29.414056224899507
seven_attacks,七回攻撃,247,43,36,0.17408906882591094,0.145748987854251,0.46558704453441296,0.4331983805668016,38.36970310391318,35.31686909581623
wall_create,壁生成,249,92,84,0.36947791164658633,0.3373493975903614,0.7228915662650602,0.7269076305220884,45.48808567603623,45.342369477910665
spinning_blade,回転刃,240,8,3,0.03333333333333333,0.0125,0.375,0.24166666666666667,35.35458333333301,30.514374999999912
giant_punch,巨大パンチ,262,2,2,0.007633587786259542,0.007633587786259542,0.0648854961832061,0.05725190839694656,26.577480916030726,25.032506361323307
split_on_death,死亡時分裂,249,1,0,0.004016064257028112,0.0,0.20080321285140562,0.17269076305220885,34.75046854083008,32.82108433734963
knife_throw,ナイフ投げ,246,8,5,0.032520325203252036,0.02032520325203252,0.2601626016260163,0.14634146341463414,31.672154471544605,29.24512195121957
time_slow,時間遅化,259,20,25,0.07722007722007722,0.09652509652509653,0.35135135135135137,0.3783783783783784,37.00540540540499,35.47155727155696
expand_domain,盤面拡大,243,17,15,0.06995884773662552,0.06172839506172839,0.5267489711934157,0.5267489711934157,38.6585048010966,37.983950617283256
homing_laser,ホーミング光線,235,0,1,0.0,0.00425531914893617,0.07234042553191489,0.06808510638297872,25.918226950354804,24.08836879432648
jet_dash,ジェット突進,259,0,2,0.0,0.007722007722007722,0.003861003861003861,0.15444015444015444,24.022972972973275,29.551029601029715
bike_ride,バイク搭乗,231,30,20,0.12987012987012986,0.08658008658008658,0.7575757575757576,0.8095238095238095,45.21471861471752,45.30411255411155
chain_bind,拘束の鎖,251,6,4,0.02390438247011952,0.01593625498007968,0.2749003984063745,0.23904382470119523,34.07563081009292,31.596414342629593
death_stare,死の眼差し,246,1,0,0.0040650406504065045,0.0,0.044715447154471545,0.04065040650406504,25.415514905149276,22.927506775067933
vampire_lord,吸血鬼化,253,2,1,0.007905138339920948,0.003952569169960474,0.6600790513833992,0.6719367588932806,42.08010540184368,41.143544137021664
summon_knight,騎士召喚,240,1,0,0.004166666666666667,0.0,0.14166666666666666,0.13333333333333333,31.76479166666671,29.15041666666689
counter_damage,カウンター,247,0,0,0.0,0.0,0.04048582995951417,0.03643724696356275,24.208299595141913,23.0276653171392
warp_gate,ワープゲート,232,1,1,0.004310344827586207,0.004310344827586207,0.17672413793103448,0.17672413793103448,31.745545977011574,30.140804597701273
emoji_launcher,絵文字ランチャー,258,0,0,0.0,0.0,0.09302325581395349,0.06976744186046512,27.095413436692652,26.055426356589347
final_five_invincible,終盤無敵,253,7,4,0.02766798418972332,0.015810276679841896,0.03162055335968379,0.019762845849802372,25.067457180500842,23.57312252964453
border_spikes,外周棘生成,256,26,28,0.1015625,0.109375,0.453125,0.44140625,36.55735677083292,33.83867187499966
accelerate_on_bounce,反発加速,215,39,30,0.1813953488372093,0.13953488372093023,0.3767441860465116,0.31627906976744186,38.98131782945718,35.804031007752045
team_haste,全体加速,258,11,10,0.04263565891472868,0.03875968992248062,0.2558139534883721,0.21705426356589147,31.07325581395318,28.977842377260796
invincible_until_first_death,最初の一人が死ぬまで無敵,266,0,0,0.0,0.0,0.12406015037593984,0.10150375939849623,29.110463659148007,27.035150375940038
wizard_mode,魔法使い化,235,140,148,0.5957446808510638,0.6297872340425532,0.6425531914893617,0.6510638297872341,35.73021276595686,35.33503546099242
