id,name,entries,wins_before,wins_after,win_rate_before,win_rate_after,after_ci95_low,after_ci95_high,top5_rate_before,top5_rate_after
critical,クリティカル,308,17,30,0.05519480519480519,0.09740259740259741,0.06908109738807039,0.1356433524608273,0.33116883116883117,0.42857142857142855
vampire,吸収,298,1,4,0.003355704697986577,0.013422818791946308,0.005231836788119275,0.03399933611846484,0.12080536912751678,0.17114093959731544
dodge,回避,307,0,0,0.0,0.0,0.0,0.012358706170602647,0.05211726384364821,0.04560260586319218
regeneration,リジェネ,319,4,9,0.012539184952978056,0.02821316614420063,0.014912500643077267,0.052741729790671044,0.25705329153605017,0.3385579937304075
scaling_atk,だんだん攻撃力UP,306,20,40,0.06535947712418301,0.13071895424836602,0.0974843720960678,0.17311066743380815,0.20588235294117646,0.2647058823529412
scaling_spd,だんだん速度UP,299,28,59,0.09364548494983277,0.19732441471571907,0.1561759612083381,0.24615185637022446,0.5919732441471572,0.6722408026755853
ranged_shot,遠隔射撃,316,1,1,0.0031645569620253164,0.0031645569620253164,0.0005588262213099739,0.0177052144788366,0.08227848101265822,0.09177215189873418
explosion,爆発,324,0,0,0.0,0.0,-8.673617379884035e-19,0.011717853988023486,0.030864197530864196,0.012345679012345678
slow_zone,遅化ゾーン作成,315,0,3,0.0,0.009523809523809525,0.00324407966459268,0.0276226579254834,0.1873015873015873,0.20952380952380953
poison_zone,毒ゾーン作成,310,6,13,0.01935483870967742,0.041935483870967745,0.0246683150785871,0.07041659399656419,0.24838709677419354,0.3
teleport,テレポート,289,14,44,0.04844290657439446,0.1522491349480969,0.11541071063538563,0.19821139769894938,0.39792387543252594,0.46366782006920415
invincible_chance,一定確率無敵,325,8,7,0.024615384615384615,0.021538461538461538,0.010471423153795671,0.043784486074233867,0.23692307692307693,0.21846153846153846
shield,バリア,288,0,2,0.0,0.006944444444444444,0.0019064476108571395,0.024962922622858687,0.14583333333333334,0.1736111111111111
random_lightning,ランダム雷,313,2,4,0.006389776357827476,0.012779552715654952,0.004980557386257441,0.03239332281129238,0.054313099041533544,0.0670926517571885
flamethrower,火炎放射,316,1,1,0.0031645569620253164,0.0031645569620253164,0.0005588262213099739,0.0177052144788366,0.056962025316455694,0.056962025316455694
giant,巨大化,298,11,25,0.03691275167785235,0.08389261744966443,0.0574679837820074,0.1209090192553473,0.4395973154362416,0.5906040268456376
destiny_bond,道連れ,317,1,0,0.0031545741324921135,0.0,0.0,0.011973509669569032,0.2082018927444795,0.17981072555205047
clone,分身,294,1,1,0.003401360544217687,0.003401360544217687,0.0006006607448315292,0.019012449042384225,0.08163265306122448,0.07142857142857142
rainbow_beam,虹ビーム,333,6,6,0.018018018018018018,0.018018018018018018,0.008283213789313718,0.0387466067554171,0.15015015015015015,0.14414414414414414
flying,飛行,308,6,14,0.01948051948051948,0.045454545454545456,0.027266300250887998,0.07484194957851258,0.3344155844155844,0.39285714285714285
super_knockback,超ノックバック,302,1,0,0.0033112582781456954,0.0,0.0,0.012560750401515034,0.04966887417218543,0.04966887417218543
self_heal,自己回復,294,0,0,0.0,0.0,0.0,0.012898131087128192,0.14965986394557823,0.14965986394557823
instant_kill,超低確率即死,301,0,0,0.0,0.0,0.0,0.012601954588875008,0.026578073089700997,0.016611295681063124
berserk,超加速超耐久,303,0,1,0.0,0.0033003300330033004,0.0005828120523523866,0.018455023756090795,0.07260726072607261,0.0627062706270627
sonic_wave,音波攻撃,334,19,34,0.05688622754491018,0.10179640718562874,0.07376369766889625,0.13888507027442393,0.27245508982035926,0.3652694610778443
slash,斬撃,292,4,3,0.0136986301369863,0.010273972602739725,0.0035000485681456767,0.02976640212709123,0.09246575342465753,0.06164383561643835
tornado,竜巻発生,304,27,65,0.08881578947368421,0.2138157894736842,0.17144714963911975,0.26332709789597625,0.5164473684210527,0.569078947368421
summon_pet,動物召喚,316,0,0,0.0,0.0,-8.673617379884035e-19,0.012010945417981901,0.00949367088607595,0.028481012658227847
freeze_aura,フリーズ,310,2,5,0.0064516129032258064,0.016129032258064516,0.006908426626105869,0.03719535056595535,0.12903225806451613,0.14193548387096774
pitfall,落とし穴作成,291,10,27,0.03436426116838488,0.09278350515463918,0.06454982763324685,0.13162873061633532,0.4261168384879725,0.5395189003436426
magnet_repel,磁力弾き,302,1,7,0.0033112582781456954,0.023178807947019868,0.01127206920345454,0.04706401064964589,0.30132450331125826,0.39072847682119205
triumph,倒すと強化,309,2,3,0.006472491909385114,0.009708737864077669,0.003307174466761721,0.028151557364299105,0.05177993527508091,0.02912621359223301
time_stop,時間停止,285,52,9,0.1824561403508772,0.031578947368421054,0.016700888970785036,0.05891702756201357,0.4807017543859649,0.2631578947368421
nullify,能力無効,311,8,6,0.02572347266881029,0.01929260450160772,0.008871111167408286,0.0414449842913875,0.3086816720257235,0.3022508038585209
defense_x2,防御力2倍,289,4,10,0.01384083044982699,0.03460207612456748,0.018901602696002207,0.06251305970168992,0.4083044982698962,0.46366782006920415
underground,地中移動,311,40,7,0.12861736334405144,0.022508038585209004,0.01094461513188726,0.0457238810261808,0.5498392282958199,0.2990353697749196
extra_life,残機×2,303,1,4,0.0033003300330033004,0.013201320132013201,0.005145306328908321,0.03344659255312071,0.19471947194719472,0.21122112211221122
gatling,ガトリングガン,314,26,40,0.08280254777070063,0.12738853503184713,0.09496206239119227,0.16882216220370033,0.3853503184713376,0.48089171974522293
water_push,水流押し流し,287,2,7,0.006968641114982578,0.024390243902439025,0.011863655205804902,0.04948107677201396,0.2264808362369338,0.25435540069686413
bomb_throw,爆弾投げ,319,0,9,0.0,0.02821316614420063,0.014912500643077267,0.052741729790671044,0.11598746081504702,0.14733542319749215
acid_spray,酸噴射,306,13,22,0.042483660130718956,0.0718954248366013,0.047954590424736834,0.10645204832228745,0.2581699346405229,0.2679738562091503
seven_attacks,七回攻撃,305,18,53,0.05901639344262295,0.1737704918032787,0.13537428568025583,0.22028246522376743,0.3180327868852459,0.4524590163934426
wall_create,壁生成,342,116,18,0.3391812865497076,0.05263157894736842,0.033547770588341276,0.0816541021765314,0.7017543859649122,0.47076023391812866
spinning_blade,回転刃,318,8,8,0.025157232704402517,0.025157232704402517,0.012801371260163612,0.0488488318211037,0.25471698113207547,0.2641509433962264
giant_punch,巨大パンチ,298,2,1,0.006711409395973154,0.003355704697986577,0.0005925948374719426,0.018760602336144946,0.016778523489932886,0.0436241610738255
split_on_death,死亡時分裂,336,1,2,0.002976190476190476,0.005952380952380952,0.00163384395062258,0.02144043536068009,0.2113095238095238,0.1636904761904762
knife_throw,ナイフ投げ,291,3,9,0.010309278350515464,0.030927835051546393,0.016354766757879984,0.057724331985309574,0.18900343642611683,0.24398625429553264
time_slow,時間遅化,271,21,33,0.07749077490774908,0.12177121771217712,0.08803554264754215,0.16608028261326263,0.3173431734317343,0.4022140221402214
expand_domain,盤面拡大,313,26,45,0.08306709265175719,0.14376996805111822,0.10921493016518205,0.18696334945466583,0.45686900958466453,0.536741214057508
homing_laser,ホーミング光線,300,27,53,0.09,0.17666666666666667,0.13767606902581717,0.2238333490393852,0.29,0.38666666666666666
jet_dash,ジェット突進,329,5,3,0.015197568389057751,0.00911854103343465,0.0031058218387631925,0.02646259749343566,0.1519756838905775,0.19756838905775076
bike_ride,バイク搭乗,301,38,10,0.12624584717607973,0.03322259136212625,0.018143939095637485,0.06006585904214949,0.7906976744186046,0.5049833887043189
chain_bind,拘束の鎖,321,2,7,0.006230529595015576,0.021806853582554516,0.010602393355997577,0.044321606525790966,0.18691588785046728,0.24610591900311526
death_stare,死の眼差し,287,0,0,0.0,0.0,0.0,0.01320856438693777,0.03484320557491289,0.003484320557491289
vampire_lord,吸血鬼化,299,4,8,0.013377926421404682,0.026755852842809364,0.013618505953465709,0.05189957346494972,0.6889632107023411,0.7692307692307693
summon_knight,騎士召喚,322,0,2,0.0,0.006211180124223602,0.0017049497697811389,0.022360731223683164,0.14596273291925466,0.15838509316770186
counter_damage,カウンター,322,0,0,0.0,0.0,0.0,0.011789777609734299,0.14906832298136646,0.11801242236024845
warp_gate,ワープゲート,285,3,2,0.010526315789473684,0.007017543859649123,0.0019265375531811822,0.02522190643826603,0.18596491228070175,0.15087719298245614
emoji_launcher,絵文字ランチャー,309,2,2,0.006472491909385114,0.006472491909385114,0.001776751793675608,0.023288968366303116,0.08090614886731391,0.08414239482200647
final_five_invincible,終盤無敵,292,5,3,0.017123287671232876,0.010273972602739725,0.0035000485681456767,0.02976640212709123,0.023972602739726026,0.010273972602739725
border_spikes,外周棘生成,326,48,14,0.147239263803681,0.04294478527607362,0.025750766754951887,0.07078526751119284,0.48466257668711654,0.2147239263803681
accelerate_on_bounce,反発加速,298,44,16,0.1476510067114094,0.053691275167785234,0.033315523732964585,0.08542755210548844,0.3389261744966443,0.174496644295302
team_haste,全体加速,332,16,23,0.04819277108433735,0.06927710843373494,0.046602972944068385,0.10180508609328735,0.2289156626506024,0.2921686746987952
invincible_until_first_death,最初の一人が死ぬまで無敵,306,1,0,0.0032679738562091504,0.0,0.0,0.012398593345761188,0.06862745098039216,0.08496732026143791
wizard_mode,魔法使い化,331,168,30,0.5075528700906344,0.09063444108761329,0.0642239465816785,0.12643814558369165,0.5498489425981873,0.21450151057401812
